cycle,capacity_ah,temperature_c
1,2.00306,25.11
2,1.98632,25.21
3,2.00721,26.25
4,2.00889,24.71
5,1.97359,24.25
6,1.98077,24.64
7,1.99733,25.36
8,1.99141,23.75
9,1.9944,25.51
10,1.98376,24.57
11,2.00395,25.92
12,2.00213,23.08
13,1.99299,24.37
14,2.00513,23.65
15,1.99661,24.34
16,1.98009,25.2
17,1.99423,24.86
18,1.97769,24.8
19,1.99914,24.87
20,1.9874,25.16
21,1.98518,24.19
22,1.97863,25.57
23,2.00087,25.53
24,1.98375,25.31
25,1.97986,25.45
26,1.98017,25.24
27,1.99019,26.63
28,1.98759,24.93
29,1.98755,24.75
30,1.98717,24.4
31,2.0071,24.17
32,1.97592,24.0
33,1.97405,24.29
34,1.96983,24.94
35,1.98639,25.27
36,1.99195,25.04
37,1.97643,24.39
38,1.96712,25.72
39,1.96671,25.59
40,1.98381,24.87
41,1.98432,24.48
42,1.98132,25.44
43,1.96621,25.15
44,1.97639,23.84
45,1.9744,24.95
46,1.97502,25.21
47,1.80226,24.28
48,1.97388,25.15
49,1.97875,23.84
50,1.97081,26.07
51,1.97287,26.0
52,1.97638,24.8
53,1.95071,25.29
54,1.96376,23.07
55,1.96136,24.07
56,1.95873,24.76
57,1.9625,24.14
58,1.98314,25.57
59,1.95421,26.6
60,1.97562,24.06
61,1.94321,24.33
62,1.95878,25.19
63,1.96415,26.29
64,1.96863,24.02
65,1.96953,25.2
66,1.96992,26.46
67,1.77562,23.68
68,1.95365,23.98
69,1.9689,24.66
70,1.9557,24.58
71,1.94209,25.65
72,1.9432,25.19
73,1.94517,23.58
74,1.96157,25.41
75,1.95671,24.54
76,1.96269,26.02
77,1.94867,24.5
78,1.9551,24.49
79,1.96011,25.43
80,1.94829,25.61
81,1.95688,25.36
82,2.12286,23.65
83,1.94584,25.43
84,1.94502,24.17
85,1.93465,25.19
86,1.95424,23.86
87,1.94217,25.36
88,1.94735,24.35
89,1.95237,23.97
90,1.95136,25.57
91,1.95338,25.19
92,1.94362,24.51
93,1.93912,26.16
94,1.94264,24.65
95,1.92275,25.03
96,1.92503,25.22
97,1.92593,24.5
98,1.92923,25.38
99,1.9454,24.57
100,1.92913,24.67
101,1.93486,26.09
102,1.95439,24.17
103,1.93392,23.07
104,1.94645,26.29
105,1.9258,27.04
106,1.93393,24.68
107,1.9244,23.45
108,1.93113,24.75
109,1.94468,24.77
110,1.91327,24.85
111,1.93861,24.11
112,1.93565,25.46
113,1.92507,25.42
114,1.91425,23.8
115,1.93187,25.56
116,1.92405,26.64
117,1.93259,25.14
118,1.92946,24.73
119,1.94782,24.89
120,1.92513,25.49
121,1.91512,23.62
122,2.10895,25.13
123,1.92884,24.69
124,1.94191,26.48
125,1.93502,24.86
126,1.92868,26.33
127,1.94136,24.12
128,1.90893,25.47
129,1.91492,25.26
130,1.91088,24.3
131,1.91672,25.14
132,1.90428,25.97
133,1.92782,24.74
134,1.91693,23.65
135,1.90135,24.99
136,1.90621,24.28
137,1.92156,24.73
138,1.92726,24.93
139,1.94056,23.64
140,1.95097,23.71
141,1.92037,25.39
142,1.90293,24.58
143,1.88862,22.95
144,1.91681,25.63
145,1.90324,25.22
146,1.90742,24.43
147,1.90445,23.95
148,1.90951,25.67
149,1.92339,25.28
150,1.91188,26.91
151,1.9075,25.34
152,1.89637,25.31
153,1.8881,24.87
154,1.90176,25.65
155,1.90635,25.5
156,1.92762,26.0
157,1.90736,24.58
158,1.91699,24.65
159,1.89861,24.62
160,2.06978,25.63
161,1.89182,26.2
162,1.8941,24.63
163,1.92774,24.66
164,1.89174,25.25
165,1.91106,24.8
166,1.88956,25.76
167,1.91098,23.2
168,1.90382,24.34
169,1.89672,24.37
170,1.89751,23.14
171,1.88954,24.23
172,1.90215,24.27
173,1.89074,24.84
174,1.88089,25.89
175,1.87966,24.8
176,1.89647,24.18
177,1.91275,24.95
178,1.89512,25.84
179,1.89118,24.22
180,1.89543,24.27
181,1.90707,25.45
182,1.89343,24.82
183,2.06527,25.52
184,1.90288,24.99
185,1.89415,25.56
186,1.90683,24.17
187,1.89,24.99
188,1.87251,24.83
189,1.87018,24.03
190,1.90581,23.75
191,1.90608,25.55
192,1.88265,24.72
193,1.8796,24.18
194,1.90114,24.92
195,1.86972,25.9
196,1.87166,23.18
197,1.88952,23.8
198,1.87646,24.26
199,1.88054,26.17
200,1.87804,25.23
201,1.88345,25.61
202,1.89569,24.09
203,2.05929,24.1
204,1.88533,25.36
205,1.8524,25.05
206,1.87582,25.44
207,1.86568,24.85
208,1.86057,25.22
209,1.86406,25.13
210,1.86999,25.62
211,1.88439,25.65
212,1.85688,23.7
213,1.87257,23.2
214,1.68579,25.8
215,1.86707,25.95
216,1.88243,24.18
217,1.87626,23.51
218,1.88525,25.08
219,1.86675,25.74
220,1.85965,26.44
221,1.86471,25.41
222,1.86971,24.7
223,1.86832,24.29
224,1.85259,25.01
225,2.04609,24.76
226,1.86714,24.19
227,1.89401,26.64
228,1.88572,26.43
229,1.85236,25.91
230,1.85855,24.26
231,1.84384,25.68
232,1.85371,25.51
233,1.86399,25.35
234,1.87407,26.0
235,1.85025,25.51
236,1.85055,25.59
237,1.83203,25.51
238,1.85525,25.27
239,1.84385,23.57
240,1.84965,25.07
241,1.84488,24.56
242,1.85367,23.98
243,1.83311,26.35
244,1.836,26.38
245,1.87855,26.09
246,1.83695,25.2
247,1.83864,26.08
248,2.05324,25.01
249,1.88546,25.16
250,2.01594,24.13
251,1.84498,25.32
252,1.8529,25.05
253,1.86894,23.96
254,1.83576,24.96
255,1.84406,24.94
256,1.85573,26.44
257,1.85102,25.72
258,1.84069,25.01
259,1.84299,25.2
260,1.8275,25.04
261,1.84054,24.84
262,1.8396,24.13
263,1.84499,24.88
264,1.83494,24.4
265,1.84666,24.0
266,1.85255,25.41
267,1.84167,25.31
268,1.84342,23.57
269,1.83924,24.9
270,1.838,25.8
271,1.82874,25.85
272,1.8406,25.82
273,1.83503,25.03
274,1.86072,24.32
275,1.85388,24.13
276,1.83903,25.28
277,1.82464,25.3
278,1.81985,26.03
279,1.84689,25.88
280,1.83515,24.89
281,1.83716,24.0
282,1.80986,24.74
283,1.84133,25.17
284,1.83505,24.84
285,1.81567,24.54
286,1.82274,25.2
287,1.83096,24.6
288,1.82783,24.5
289,1.82309,25.25
290,1.82476,24.68
291,1.82238,25.2
292,2.00663,25.22
293,1.84186,24.09
294,1.7928,24.62
295,1.82016,26.15
296,1.82452,24.07
297,1.82535,23.31
298,1.81674,23.51
299,1.79952,25.02
300,1.82394,25.02
301,1.84013,24.91
302,1.80039,25.97
303,1.82857,22.86
304,1.81366,25.32
305,1.81626,26.25
306,1.80377,24.1
307,1.81179,24.7
308,1.8308,24.4
309,1.82159,24.28
310,1.83479,24.74
311,1.82753,26.14
312,1.81807,26.47
313,1.83313,24.73
314,1.81687,26.52
315,1.82094,25.03
316,1.80684,26.4
317,1.8106,24.93
318,1.80083,25.1
319,1.82048,25.29
320,1.79386,27.54
321,1.81679,25.68
322,1.80451,24.43
323,1.82025,25.78
324,1.63461,24.71
325,1.82685,24.61
326,1.81317,25.73
327,1.78494,25.02
328,1.8024,25.22
329,1.78854,25.01
330,1.79578,25.27
331,1.81953,25.34
332,1.80845,23.45
333,1.79181,25.53
334,1.78744,24.21
335,1.79939,23.85
336,1.7838,24.95
337,1.78975,25.07
338,1.80094,24.45
339,1.81046,25.66
340,1.98331,23.93
341,1.7679,24.67
342,1.79845,24.53
343,1.79506,24.96
344,1.79857,25.22
345,1.81239,24.19
346,1.76764,25.58
347,1.78471,25.05
348,1.79829,23.49
349,1.77162,23.43
350,1.80771,24.99
351,1.79292,24.82
352,1.79716,24.92
353,1.77865,24.98
354,1.79377,25.18
355,1.79532,25.76
356,1.78379,24.11
357,1.78231,24.06
358,1.78124,24.13
359,1.76614,25.23
360,1.77323,26.0
361,1.77167,24.65
362,1.7766,23.0
363,1.7825,23.64
364,1.7563,24.33
365,1.766,24.55
366,1.78378,24.67
367,1.75558,25.03
368,1.75313,24.75
369,1.76393,25.84
370,1.77013,24.46
371,1.75864,24.31
372,1.77295,25.38
373,1.76578,23.77
374,1.7641,25.31
375,1.75915,25.08
376,1.77893,24.88
377,1.74704,26.27
378,1.72396,24.5
379,1.76575,26.65
380,1.55951,24.82
381,1.74479,23.98
382,1.75771,25.06
383,1.72127,24.14
384,1.72398,24.4
385,1.71828,25.32
386,1.72647,25.44
387,1.73978,24.5
388,1.73929,25.79
389,1.73482,25.93
390,1.71305,26.15
391,1.70078,25.42
392,1.72765,26.09
393,1.71984,23.5
394,1.72951,24.75
395,1.73092,24.31
396,1.72266,25.1
397,1.72862,24.54
398,1.72075,24.87
399,1.72286,26.51
400,1.70654,24.86
401,1.71134,25.33
402,1.71436,24.81
403,1.72035,25.06
404,1.70428,25.0
405,1.71375,25.36
406,1.70281,25.93
407,1.70309,26.32
408,1.71295,25.25
409,1.67758,25.47
410,1.68444,24.08
411,1.68071,24.93
412,1.669,25.75
413,1.68736,25.69
414,1.70299,25.17
415,1.68908,25.71
416,1.69337,25.39
417,1.70257,25.96
418,1.70393,25.23
419,1.68567,24.72
420,1.70124,25.27
421,1.68461,22.66
422,1.67195,25.31
423,1.67337,22.08
424,1.66123,23.62
425,1.66684,25.36
426,1.6717,25.38
427,1.68414,24.07
428,1.69365,24.43
429,1.65491,26.1
430,1.67471,24.61
431,1.65601,26.79
432,1.6727,25.0
433,1.66393,25.33
434,1.64203,26.29
435,1.67364,25.1
436,1.65374,24.2
437,1.65309,24.91
438,1.64516,24.97
439,1.64865,23.91
440,1.66013,24.8
441,1.65123,24.41
442,1.65594,25.74
443,1.65484,25.03
444,1.66485,24.77
445,1.64339,24.92
446,1.62828,25.18
447,1.65731,25.49
448,1.63902,24.2
449,1.65488,24.17
450,1.6446,25.88
451,1.63693,24.67
452,1.64119,23.87
453,1.65891,25.36
454,1.65892,25.37
455,1.63333,23.78
456,1.63292,25.18
457,1.64241,25.59
458,1.61785,25.3
459,1.6305,25.51
460,1.62469,23.88
461,1.62727,25.26
462,1.612,24.76
463,1.60143,24.61
464,1.59412,25.7
465,1.78409,26.18
466,1.6105,26.44
467,1.61098,26.05
468,1.63625,24.91
469,1.62477,25.28
470,1.59845,25.61
471,1.61267,25.1
472,1.60212,25.1
473,1.60209,25.66
474,1.60622,24.95
475,1.60993,24.42
476,1.59693,24.67
477,1.61227,25.51
478,1.5843,25.0
479,1.59658,25.27
480,1.62617,25.54
481,1.59618,24.7
482,1.4292,25.6
483,1.5916,25.3
484,1.41597,24.01
485,1.58682,26.15
486,1.58396,24.6
487,1.57515,23.68
488,1.58816,24.16
489,1.57128,24.18
490,1.58799,25.04
491,1.59152,24.78
492,1.5814,24.73
493,1.57207,25.5
494,1.57945,25.27
495,1.5688,25.25
496,1.58223,25.33
497,1.54752,25.49
498,1.56397,23.31
499,1.54261,24.71
500,1.54706,23.26
