cycle,capacity_ah,capacity_smooth_ah,soh_pct,is_outlier
1,2.00306,1.9953046527385645,99.76523263692823,False
2,1.98632,1.995310166007904,99.7655083003952,False
3,2.00721,1.9952771262741826,99.76385631370913,False
4,2.00889,1.9952055335374002,99.76027667687,False
5,1.97359,1.9950953877975566,99.75476938987782,False
6,1.98077,1.9949466890546521,99.7473344527326,False
7,1.99733,1.9947594373086863,99.73797186543432,False
8,1.99141,1.9945336325596599,99.726681627983,False
9,1.9944,1.994269274807572,99.7134637403786,False
10,1.98376,1.9939663640524234,99.69831820262117,False
11,2.00395,1.9936249002941846,99.68124501470923,False
12,2.00213,1.9944306309251096,99.72153154625548,False
13,1.99299,1.9924203007518504,99.62101503759251,False
14,2.00513,1.9933305688133087,99.66652844066543,False
15,1.99661,1.9948947335730338,99.74473667865169,False
16,1.98009,1.9935605132395913,99.67802566197956,False
17,1.99423,1.9913953546910461,99.5697677345523,False
18,1.97769,1.9905106341941519,99.5255317097076,False
19,1.99914,1.9892459921542693,99.46229960771346,False
20,1.9874,1.9882323864007554,99.41161932003777,False
21,1.98518,1.986646464530863,99.33232322654315,False
22,1.97863,1.9867188264138316,99.33594132069157,False
23,2.00087,1.986845274599513,99.34226372997566,False
24,1.98375,1.9864618600849657,99.32309300424829,False
25,1.97986,1.9859440977443317,99.29720488721658,False
26,1.98017,1.9850892219679341,99.2544610983967,False
27,1.99019,1.9842674452435147,99.21337226217574,False
28,1.98759,1.9848101340306998,99.240506701535,False
29,1.98755,1.9837060657077183,99.18530328538591,False
30,1.98717,1.9828581758744397,99.14290879372199,False
31,1.9815450000000001,1.981572610330144,99.0786305165072,True
32,1.97592,1.9805291271657113,99.02645635828556,False
33,1.97405,1.9798474485125566,98.99237242562783,False
34,1.96983,1.9800085648904582,99.00042824452291,False
35,1.98639,1.979334349460579,98.96671747302895,False
36,1.99195,1.978247201699873,98.91236008499365,False
37,1.97643,1.9770961703170682,98.8548085158534,False
38,1.96712,1.9767671199738188,98.83835599869094,False
39,1.96671,1.9761949934618865,98.80974967309433,False
40,1.98381,1.9764336711343287,98.82168355671644,False
41,1.98432,1.9766742808106936,98.83371404053469,False
42,1.98132,1.9764669467145837,98.82334733572918,False
43,1.96621,1.9773871363190294,98.86935681595148,False
44,1.97639,1.9766173880352766,98.83086940176383,False
45,1.9744,1.9752267276887583,98.76133638443791,False
46,1.97502,1.9749033573062804,98.74516786531402,False
47,1.97445,1.9748655998692093,98.74327999346046,True
48,1.97388,1.9726849820202388,98.63424910101195,False
49,1.97875,1.971846606734198,98.59233033670989,False
50,1.97081,1.969069061784868,98.4534530892434,False
51,1.97287,1.9696324648577674,98.48162324288838,False
52,1.97638,1.9689650702843775,98.44825351421888,False
53,1.95071,1.9679558090879081,98.3977904543954,False
54,1.96376,1.9656992808106935,98.28496404053467,False
55,1.96136,1.9643046289636845,98.21523144818423,False
56,1.95873,1.9631050637462935,98.15525318731467,False
57,1.9625,1.9627723520758127,98.13861760379064,False
58,1.98314,1.9629844393592388,98.14922196796194,False
59,1.95421,1.9622032870218735,98.11016435109367,False
60,1.97562,1.963030264792387,98.15151323961935,False
61,1.94321,1.9641219271003307,98.20609635501654,False
62,1.95878,1.964911856815924,98.2455928407962,False
63,1.96415,1.9656886090225276,98.28443045112638,False
64,1.96863,1.9633028832951656,98.16514416475827,False
65,1.96953,1.9620829666557411,98.10414833278706,False
66,1.96992,1.9603330794376956,98.01665397188478,False
67,1.961785,1.959269017652799,97.96345088263995,True
68,1.95365,1.9577864334749633,97.88932167374817,False
69,1.9689,1.9578611163778725,97.89305581889363,False
70,1.9557,1.9569171134357346,97.84585567178674,False
71,1.94209,1.9569760591696346,97.84880295848173,False
72,1.9432,1.955061781627954,97.7530890813977,False
73,1.94517,1.9541747155933025,97.70873577966512,False
74,1.96157,1.95351909447529,97.6759547237645,False
75,1.95671,1.9537671837201414,97.68835918600706,False
76,1.96269,1.9528301013402787,97.64150506701394,False
77,1.94867,1.9531849476952965,97.65924738476483,False
78,1.9551,1.9527880647270064,97.63940323635032,False
79,1.96011,1.95159415495257,97.5797077476285,False
80,1.94829,1.9519474861065418,97.5973743053271,False
81,1.95688,1.9516578881987292,97.58289440993646,False
82,1.95136,1.9509707093821222,97.54853546910611,True
83,1.94584,1.9501128571428283,97.50564285714141,False
84,1.94502,1.9486105786204355,97.43052893102177,False
85,1.93465,1.9492711768551525,97.46355884275762,False
86,1.95424,1.9489442497547933,97.44721248773966,False
87,1.94217,1.9486999901928446,97.43499950964222,False
88,1.94735,1.946956050997029,97.34780254985145,False
89,1.95237,1.944533690748582,97.2266845374291,False
90,1.95136,1.9439256587119689,97.19628293559845,False
91,1.95338,1.9420984210526029,97.10492105263015,False
92,1.94362,1.9399569172932045,96.99784586466022,False
93,1.93912,1.9394374468780362,96.97187234390181,False
94,1.94264,1.9378601961425015,96.89300980712507,False
95,1.92275,1.9377426315789188,96.88713157894594,False
96,1.92503,1.9359401536449536,96.79700768224768,False
97,1.92593,1.9360685910427957,96.80342955213979,False
98,1.92923,1.9348053154625409,96.74026577312705,False
99,1.9454,1.9331782706766634,96.65891353383317,False
100,1.92913,1.9343379470414885,96.71689735207443,False
101,1.93486,1.9337899084667907,96.68949542333954,False
102,1.95439,1.9342663321346563,96.71331660673282,False
103,1.93392,1.9351560183066079,96.75780091533039,False
104,1.94645,1.9363094409937607,96.81547204968804,False
105,1.9258,1.9364158385092882,96.8207919254644,False
106,1.93393,1.9355459790781018,96.77729895390509,False
107,1.9244,1.933830235371008,96.6915117685504,False
108,1.93113,1.9321431382804553,96.60715691402277,False
109,1.94468,1.9294118404707137,96.47059202353569,False
110,1.91327,1.9297749722131132,96.48874861065566,False
111,1.93861,1.929439261196441,96.47196305982206,False
112,1.93565,1.9285903661326949,96.42951830663475,False
113,1.92507,1.9289476560967351,96.44738280483676,False
114,1.91425,1.9275443249427635,96.37721624713818,False
115,1.93187,1.9281934684537148,96.40967342268574,False
116,1.92405,1.928101614906804,96.4050807453402,False
117,1.93259,1.9278663811702887,96.39331905851444,False
118,1.92946,1.9291060738803245,96.45530369401622,False
119,1.94782,1.9297503563255682,96.48751781627841,False
120,1.92513,1.931464854527595,96.57324272637975,False
121,1.91512,1.9300776528276928,96.50388264138464,False
122,1.92198,1.9308419483491055,96.54209741745528,True
123,1.92884,1.9297480712650907,96.48740356325453,False
124,1.94191,1.9287651650866016,96.43825825433008,False
125,1.93502,1.9274234030728712,96.37117015364356,False
126,1.92868,1.9262821837201414,96.31410918600707,False
127,1.94136,1.9233152795030775,96.16576397515388,False
128,1.90893,1.920804828375258,96.04024141876289,False
129,1.91492,1.9177792644654836,95.88896322327417,False
130,1.91088,1.917798128473329,95.88990642366645,False
131,1.91672,1.917498090879344,95.8749045439672,False
132,1.90428,1.9173240192873207,95.86620096436603,False
133,1.92782,1.9177206799607434,95.88603399803716,False
134,1.91693,1.916165630925111,95.80828154625554,False
135,1.90135,1.9167959986923548,95.83979993461774,False
136,1.90621,1.916927896371335,95.84639481856675,False
137,1.92156,1.917007842432139,95.85039212160696,False
138,1.92726,1.9180626887871575,95.90313443935787,False
139,1.94056,1.9162423602484189,95.81211801242094,False
140,1.9304649999999999,1.91574864171295,95.7874320856475,True
141,1.92037,1.9150984635501518,95.75492317750759,False
142,1.90293,1.9152826168682293,95.76413084341146,False
143,1.88862,1.9143768486433193,95.71884243216596,False
144,1.91681,1.9137435975808805,95.68717987904402,False
145,1.90324,1.9121454952598609,95.60727476299304,False
146,1.90742,1.9080453007518514,95.40226503759257,False
147,1.90445,1.9057182085648625,95.28591042824313,False
148,1.90951,1.9039074517816,95.19537258908,False
149,1.92339,1.9041805067015085,95.20902533507542,False
150,1.91188,1.9060438345864381,95.3021917293219,False
151,1.9075,1.9078748316443002,95.39374158221501,False
152,1.89637,1.9090195505066736,95.45097752533368,False
153,1.8881,1.906879869238285,95.34399346191424,False
154,1.90176,1.9061060722458039,95.30530361229019,False
155,1.90635,1.9057032363517208,95.28516181758604,False
156,1.92762,1.9058349803857189,95.29174901928594,False
157,1.90736,1.9045444982019988,95.22722491009993,False
158,1.91699,1.9036513975154996,95.18256987577499,False
159,1.89861,1.9035311833932378,95.17655916966189,False
160,1.8952149999999999,1.9045103775743428,95.22551887871714,True
161,1.89182,1.905375992154271,95.26879960771355,False
162,1.8941,1.9050252811375985,95.25126405687992,False
163,1.92774,1.904491938541979,95.22459692709894,False
164,1.89174,1.9031915250081446,95.15957625040723,False
165,1.91106,1.9020224256292624,95.10112128146312,False
166,1.88956,1.8996567522065757,94.98283761032879,False
167,1.91098,1.8983959463876803,94.91979731938402,False
168,1.90382,1.8977260428244245,94.88630214122122,False
169,1.89672,1.8983180451127541,94.9159022556377,False
170,1.89751,1.8974665920235092,94.87332960117546,False
171,1.88954,1.895635992154271,94.78179960771355,False
172,1.90215,1.8944836678652877,94.72418339326438,False
173,1.89074,1.8929050457665626,94.64525228832812,False
174,1.88089,1.8939567898005607,94.69783949002803,False
175,1.87966,1.893505879372316,94.6752939686158,False
176,1.89647,1.8938035272964744,94.69017636482371,False
177,1.91275,1.8939285796011491,94.69642898005746,False
178,1.89512,1.8964732984635224,94.82366492317612,False
179,1.89118,1.8982722409283799,94.91361204641899,False
180,1.89543,1.896993059823444,94.84965299117219,False
181,1.90707,1.8962738558352124,94.81369279176062,False
182,1.89343,1.8966574664922895,94.83287332461447,False
183,1.898155,1.8978061997384486,94.89030998692243,True
184,1.90288,1.8965801046093214,94.82900523046607,False
185,1.89415,1.8963941435109233,94.81970717554617,False
186,1.90683,1.8947811408956896,94.73905704478447,False
187,1.89,1.8925293510951011,94.62646755475505,False
188,1.87251,1.892532167374931,94.62660836874655,False
189,1.87018,1.8910010640731987,94.55005320365993,False
190,1.90581,1.8891216149068044,94.45608074534022,False
191,1.90608,1.8870124959136694,94.35062479568347,False
192,1.88265,1.8853294148414237,94.26647074207118,False
193,1.8796,1.8836221395880728,94.18110697940364,False
194,1.90114,1.8829112128146175,94.14556064073088,False
195,1.86972,1.884774184373951,94.23870921869755,False
196,1.87166,1.8840439555409987,94.20219777704993,False
197,1.88952,1.8850924354363894,94.25462177181947,False
198,1.87646,1.8851975939849344,94.25987969924672,False
199,1.88054,1.88316225563907,94.15811278195349,False
200,1.87804,1.8797649166393968,93.98824583196983,False
201,1.88345,1.8780812520431236,93.90406260215617,False
202,1.89569,1.8790509807126237,93.95254903563118,False
203,1.89051,1.8773466753840848,93.86733376920424,True
204,1.88533,1.8756052173912767,93.78026086956383,False
205,1.8524,1.875878139914977,93.79390699574886,False
206,1.87582,1.8731310787838888,93.65655393919444,False
207,1.86568,1.8709846910754875,93.54923455377437,False
208,1.86057,1.8698676822490736,93.49338411245368,False
209,1.86406,1.8694625694671188,93.47312847335594,False
210,1.86999,1.86962699901926,93.481349950963,False
211,1.88439,1.8690521641058895,93.45260820529447,False
212,1.85688,1.8685865511604827,93.42932755802413,False
213,1.87257,1.8696058450473736,93.48029225236868,False
214,1.86982,1.8718018306635882,93.5900915331794,True
215,1.86707,1.873294741745641,93.66473708728205,False
216,1.88243,1.8717359758090604,93.58679879045302,False
217,1.87626,1.8701855786204367,93.50927893102184,False
218,1.88525,1.869247783589381,93.46238917946906,False
219,1.86675,1.8700797335730355,93.50398667865177,False
220,1.85965,1.8699528571428297,93.49764285714149,False
221,1.86471,1.8706059055246538,93.53029527623269,False
222,1.86971,1.8712131644327936,93.56065822163968,False
223,1.86832,1.8689037218044837,93.44518609022418,False
224,1.85259,1.8669718404707143,93.34859202353572,False
225,1.859865,1.8665284423013782,93.32642211506891,True
226,1.86714,1.8653771657404103,93.26885828702052,False
227,1.89401,1.866173953906478,93.3086976953239,False
228,1.88572,1.8646992513893152,93.23496256946576,False
229,1.85236,1.864910080091506,93.2455040045753,False
230,1.85855,1.863417263811676,93.1708631905838,False
231,1.84384,1.8614602173912769,93.07301086956384,False
232,1.85371,1.8590189179470142,92.9509458973507,False
233,1.86399,1.8582401258580963,92.91200629290482,False
234,1.87407,1.8568219810395281,92.8410990519764,False
235,1.85025,1.8514107731284462,92.57053865642231,False
236,1.85055,1.8496219091206,92.48109545603,False
237,1.83203,1.8479321575678054,92.39660787839027,False
238,1.85525,1.848516248774082,92.4258124387041,False
239,1.84385,1.8493543935926504,92.46771967963252,False
240,1.84965,1.8480980320365858,92.4049016018293,False
241,1.84488,1.847254217064373,92.36271085321866,False
242,1.85367,1.8448943412879755,92.24471706439877,False
243,1.83311,1.8425195521411954,92.12597760705977,False
244,1.836,1.8437578424321401,92.187892121607,False
245,1.87855,1.8455786531545986,92.27893265772992,False
246,1.83695,1.8454639490029148,92.27319745014574,False
247,1.83864,1.8460706603464914,92.30353301732457,False
248,1.840225,1.845861994115697,92.29309970578485,True
249,1.8418100000000002,1.8468793559986652,92.34396779993325,True
250,1.8433950000000001,1.847909660019587,92.39548300097935,True
251,1.84498,1.8480403922850333,92.40201961425166,False
252,1.8529,1.847775822164079,92.38879110820395,False
253,1.86894,1.8478068224909832,92.39034112454915,False
254,1.83576,1.8468634815298848,92.34317407649424,False
255,1.84406,1.8447879633867008,92.23939816933505,False
256,1.85573,1.8459511539718592,92.29755769859295,False
257,1.85102,1.8454457208237716,92.27228604118858,False
258,1.84069,1.8446547008826142,92.2327350441307,False
259,1.84299,1.8440025629290346,92.20012814645173,False
260,1.8275,1.843239105916939,92.16195529584695,False
261,1.84054,1.8428369499836277,92.14184749918138,False
262,1.8396,1.8413999378881716,92.06999689440858,False
263,1.84499,1.840949813664569,92.04749068322845,False
264,1.83494,1.8406108368747685,92.03054184373842,False
265,1.84666,1.8392198038574428,91.96099019287215,False
266,1.85255,1.8395341157240657,91.97670578620328,False
267,1.84167,1.8416237332461318,92.08118666230659,False
268,1.84342,1.8434823864007575,92.17411932003787,False
269,1.83924,1.8425994998365205,92.12997499182603,False
270,1.838,1.8428357502451511,92.14178751225755,False
271,1.82874,1.8415189931349845,92.07594965674922,False
272,1.8406,1.842367531873134,92.1183765936567,False
273,1.83503,1.840445554102621,92.02227770513105,False
274,1.86072,1.8394767211506757,91.97383605753379,False
275,1.85388,1.8388021935272696,91.94010967636348,False
276,1.83903,1.837960421706413,91.89802108532065,False
277,1.82464,1.8370842661000055,91.85421330500027,False
278,1.81985,1.835850019614226,91.7925009807113,False
279,1.84689,1.8350515822163835,91.75257911081917,False
280,1.83515,1.8337594213795088,91.68797106897544,False
281,1.83716,1.8324263779012477,91.62131889506239,False
282,1.80986,1.8295781333768937,91.47890666884469,False
283,1.84133,1.8271256783262235,91.35628391631117,False
284,1.83505,1.8275206374631965,91.37603187315982,False
285,1.81567,1.8275744164759458,91.3787208237973,False
286,1.82274,1.8275912226217446,91.37956113108723,False
287,1.83096,1.82705653154623,91.3528265773115,False
288,1.82783,1.8261030336711077,91.30515168355538,False
289,1.82309,1.8253145505066748,91.26572752533374,False
290,1.82476,1.8245462275253084,91.22731137626542,False
291,1.82238,1.8226005655442687,91.13002827721344,False
292,1.8321200000000002,1.8239811539718593,91.19905769859297,True
293,1.84186,1.8210718339326308,91.05359169663154,False
294,1.7928,1.8215529617521797,91.07764808760899,False
295,1.82016,1.8216985779666288,91.08492889833144,False
296,1.82452,1.8211053775743435,91.05526887871717,False
297,1.82535,1.8199582706766648,90.99791353383324,False
298,1.81674,1.8183004282444977,90.91502141222489,False
299,1.79952,1.8176204968943832,90.88102484471916,False
300,1.82394,1.8161173095782668,90.80586547891333,False
301,1.84013,1.8157650800915062,90.78825400457531,False
302,1.80039,1.8161204445897083,90.80602222948542,False
303,1.82857,1.8165139359267466,90.82569679633733,False
304,1.81366,1.8195443184046807,90.97721592023403,False
305,1.81626,1.8186277639751287,90.93138819875644,False
306,1.80377,1.820038754494906,91.00193772474529,False
307,1.81179,1.8212024092840529,91.06012046420264,False
308,1.8308,1.8228807911081784,91.14403955540892,False
309,1.82159,1.8223508662961483,91.11754331480742,False
310,1.83479,1.821789035632533,91.08945178162665,False
311,1.82753,1.8206961131088324,91.03480565544162,False
312,1.81807,1.8219464628963449,91.09732314481724,False
313,1.83313,1.8191780876103034,90.95890438051516,False
314,1.81687,1.8183257894736573,90.91628947368287,False
315,1.82094,1.8165987087283157,90.82993543641578,False
316,1.80684,1.8160842562928796,90.80421281464398,False
317,1.8106,1.8158640634193914,90.79320317096958,False
318,1.80083,1.8138984014383517,90.69492007191758,False
319,1.82048,1.8138349525988617,90.69174762994308,False
320,1.79386,1.8122629715593064,90.61314857796532,False
321,1.81679,1.8102982477933698,90.5149123896685,False
322,1.80451,1.8093599771166782,90.46799885583391,False
323,1.82025,1.808993324615861,90.44966623079304,False
324,1.82355,1.809914684537404,90.4957342268702,True
325,1.82685,1.8089021902582276,90.44510951291139,False
326,1.81317,1.8092388329519187,90.46194164759594,False
327,1.78494,1.8078071036286105,90.39035518143052,False
328,1.8024,1.8057016312520164,90.28508156260082,False
329,1.78854,1.8023397548218105,90.11698774109053,False
330,1.79578,1.8020575874468516,90.10287937234258,False
331,1.81953,1.8007267636482245,90.03633818241123,False
332,1.80845,1.798361330500137,89.91806652500685,False
333,1.79181,1.7955773651519842,89.77886825759921,False
334,1.78744,1.794010294213769,89.70051471068845,False
335,1.79939,1.7926930042497284,89.63465021248642,False
336,1.7838,1.7955237201699639,89.7761860084982,False
337,1.78975,1.7962854266099768,89.81427133049884,False
338,1.80094,1.7940698332788232,89.70349166394116,False
339,1.81046,1.7947028440666624,89.73514220333311,False
340,1.78918,1.7916347597253741,89.5817379862687,True
341,1.7679,1.7903139391957894,89.51569695978947,False
342,1.79845,1.7909164138607125,89.54582069303562,False
343,1.79506,1.7926052500816998,89.630262504085,False
344,1.79857,1.792080598234691,89.60402991173456,False
345,1.81239,1.7911495161817323,89.55747580908661,False
346,1.76764,1.791893108859078,89.5946554429539,False
347,1.78471,1.791330176528251,89.56650882641254,False
348,1.79829,1.7908002026805883,89.54001013402942,False
349,1.77162,1.791755580254959,89.58777901274794,False
350,1.80771,1.7927847499182477,89.63923749591238,False
351,1.79292,1.792284148414488,89.6142074207244,False
352,1.79716,1.789164239947669,89.45821199738346,False
353,1.77865,1.787457538411219,89.37287692056096,False
354,1.79377,1.787199483491311,89.35997417456555,False
355,1.79532,1.7861168322981105,89.30584161490552,False
356,1.78379,1.7852480385746712,89.26240192873355,False
357,1.78231,1.7830570970905264,89.15285485452632,False
358,1.78124,1.7812177312847075,89.06088656423537,False
359,1.76614,1.7792794377247203,88.96397188623601,False
360,1.77323,1.7748169467145867,88.74084733572933,False
361,1.77167,1.7737839359267473,88.68919679633737,False
362,1.7766,1.77115229813662,88.55761490683099,False
363,1.7825,1.7698885779666296,88.49442889833148,False
364,1.7563,1.7676352598888265,88.38176299444133,False
365,1.766,1.7669639686171692,88.34819843085846,False
366,1.78378,1.7657301797972935,88.28650898986467,False
367,1.75558,1.766427858777352,88.3213929388676,False
368,1.75313,1.7681010362863423,88.40505181431712,False
369,1.76393,1.766508159529232,88.3254079764616,False
370,1.77013,1.7647536384439098,88.23768192219549,False
371,1.75864,1.7639970807453156,88.19985403726578,False
372,1.77295,1.762126570774737,88.10632853873686,False
373,1.76578,1.7629224942791502,88.1461247139575,False
374,1.7641,1.763383157894711,88.16915789473555,False
375,1.75915,1.7615692873487807,88.07846436743904,False
376,1.77893,1.7589728440666623,87.94864220333312,False
377,1.74704,1.7567799378881728,87.83899689440864,False
378,1.72396,1.7528244262830732,87.64122131415365,False
379,1.76575,1.748720572082354,87.4360286041177,False
380,1.7552699999999999,1.7464532723111872,87.32266361555936,True
381,1.74479,1.744866217718183,87.24331088590915,False
382,1.75771,1.7401937234390066,87.00968617195034,False
383,1.72127,1.7373314677999092,86.86657338999547,False
384,1.72398,1.7337609937887943,86.68804968943972,False
385,1.71828,1.730643759398471,86.53218796992354,False
386,1.72647,1.7283244851258326,86.41622425629163,False
387,1.73978,1.7279053971885983,86.39526985942992,False
388,1.73929,1.7265456358286766,86.32728179143383,False
389,1.73482,1.7232033834586211,86.16016917293106,False
390,1.71305,1.7240456227525083,86.20228113762542,False
391,1.70078,1.7242434586465911,86.21217293232955,False
392,1.72765,1.7238450375939598,86.19225187969799,False
393,1.71984,1.7246390258254076,86.23195129127038,False
394,1.72951,1.7241762732919002,86.20881366459501,False
395,1.73092,1.722814547237634,86.1407273618817,False
396,1.72266,1.7213875024517564,86.06937512258781,False
397,1.72862,1.7200005720823548,86.00002860411774,False
398,1.72075,1.7189473455377322,85.94736727688661,False
399,1.72286,1.7203941124550255,86.01970562275127,False
400,1.70654,1.7205919320038976,86.02959660019488,False
401,1.71134,1.7188186204641787,85.94093102320893,False
402,1.71436,1.7156078424321421,85.78039212160711,False
403,1.72035,1.7120908728342346,85.60454364171173,False
404,1.70428,1.7069755246812433,85.34877623406216,False
405,1.71375,1.7038137495913448,85.19068747956725,False
406,1.70281,1.7008295227198182,85.0414761359909,False
407,1.70309,1.6971942955213875,84.85971477606937,False
408,1.71295,1.694727276887847,84.73636384439234,False
409,1.67758,1.693609388689089,84.68046943445445,False
410,1.68444,1.6920677312847086,84.60338656423542,False
411,1.68071,1.690916989212136,84.5458494606068,False
412,1.669,1.6907814841451205,84.53907420725602,False
413,1.68736,1.6905725073553202,84.52862536776601,False
414,1.70299,1.6916024419744766,84.58012209872383,False
415,1.68908,1.690870843412855,84.54354217064275,False
416,1.69337,1.6904873520758168,84.52436760379084,False
417,1.70257,1.6888160771493703,84.44080385746851,False
418,1.70393,1.6871456587119726,84.35728293559863,False
419,1.68567,1.6894045635828452,84.47022817914225,False
420,1.70124,1.6874378980058595,84.37189490029297,False
421,1.68461,1.68668300424973,84.3341502124865,False
422,1.67195,1.683892602157543,84.19463010787716,False
423,1.67337,1.6802409578293311,84.01204789146655,False
424,1.66123,1.6784887283425711,83.92443641712856,False
425,1.66684,1.6754250310558763,83.77125155279381,False
426,1.6717,1.6729815004903317,83.64907502451658,False
427,1.68414,1.6706791565870953,83.53395782935476,False
428,1.69365,1.6696245831970986,83.48122915985493,False
429,1.65491,1.6687032951944833,83.43516475972417,False
430,1.67471,1.6660456096763405,83.30228048381703,False
431,1.65601,1.6656938803530321,83.2846940176516,False
432,1.6727,1.6643744687806228,83.21872343903114,False
433,1.66393,1.6624549231774846,83.12274615887422,False
434,1.64203,1.6601681856815707,83.00840928407854,False
435,1.67364,1.6584701765282526,82.92350882641263,False
436,1.65374,1.6575124321673504,82.87562160836752,False
437,1.65309,1.6545597973193609,82.72798986596804,False
438,1.64516,1.654151712978073,82.70758564890365,False
439,1.64865,1.6540615102974585,82.70307551487292,False
440,1.66013,1.6523946126184785,82.61973063092393,False
441,1.65123,1.6526380189604202,82.63190094802101,False
442,1.65594,1.6511910166720907,82.55955083360453,False
443,1.65484,1.6500470611310643,82.50235305655322,False
444,1.66485,1.6491252108531955,82.45626054265978,False
445,1.64339,1.6483875514873898,82.41937757436949,False
446,1.62828,1.6496528244524111,82.48264122262056,False
447,1.65731,1.6489241484144905,82.44620742072453,False
448,1.63902,1.6495214972212897,82.47607486106449,False
449,1.65488,1.6479578358940588,82.39789179470294,False
450,1.6446,1.6465054037266837,82.3252701863342,False
451,1.63693,1.6454147891467557,82.27073945733778,False
452,1.64119,1.6444350506701293,82.22175253350646,False
453,1.65891,1.6438300359594398,82.191501797972,False
454,1.65892,1.6428703497874881,82.1435174893744,False
455,1.63333,1.6416017620137058,82.08008810068529,False
456,1.63292,1.6380140339980145,81.90070169990072,False
457,1.64241,1.6327631186662068,81.63815593331034,False
458,1.61785,1.6280001765282532,81.40000882641266,False
459,1.6305,1.6234427721477367,81.17213860738684,False
460,1.62469,1.6220264040535883,81.10132020267942,False
461,1.62727,1.6189517979731702,80.9475898986585,False
462,1.612,1.6160787218044876,80.80393609022438,False
463,1.60143,1.6133838868911172,80.66919434455586,False
464,1.59412,1.612122196796315,80.60610983981576,False
465,1.6023100000000001,1.6116414808760795,80.58207404380397,True
466,1.6105,1.610853903236328,80.5426951618164,False
467,1.61098,1.6092415135665012,80.46207567832506,False
468,1.63625,1.610698577966632,80.5349288983316,False
469,1.62477,1.609458555083337,80.47292775416685,False
470,1.59845,1.6075591206276325,80.37795603138163,False
471,1.61267,1.6081293102320784,80.40646551160393,False
472,1.60212,1.609242036613249,80.46210183066245,False
473,1.60209,1.6094058483164195,80.47029241582098,False
474,1.60622,1.6085143380189368,80.42571690094684,False
475,1.60993,1.6064567374958902,80.32283687479452,False
476,1.59693,1.604348728342572,80.2174364171286,False
477,1.61227,1.6027658581235462,80.13829290617731,False
478,1.5843,1.5998870153644744,79.99435076822373,False
479,1.59658,1.600157404380493,80.00787021902465,False
480,1.62617,1.5988839097744125,79.94419548872062,False
481,1.59618,1.595764109185985,79.78820545929925,False
482,1.59389,1.594459179470392,79.7229589735196,True
483,1.5916,1.5929330271330264,79.64665135665132,False
484,1.58921,1.5906165805818662,79.53082902909331,True
485,1.58682,1.5892193658057956,79.46096829028978,False
486,1.58396,1.5872559300424742,79.36279650212371,False
487,1.57515,1.5865885420071684,79.32942710035842,False
488,1.58816,1.5854381987577404,79.27190993788702,False
489,1.57128,1.5832599182739222,79.16299591369611,False
490,1.58799,1.5806855214122029,79.03427607061015,False
491,1.59152,1.5780867604386457,78.90433802193229,False
492,1.5814,1.5754169450503726,78.77084725251862,False
493,1.57207,1.5726760752474067,78.63380376237033,False
494,1.57945,1.5698641510297477,78.49320755148739,False
495,1.5688,1.566981172397396,78.34905861986981,False
496,1.58223,1.5640271393503515,78.20135696751758,False
497,1.54752,1.561002051888614,78.0501025944307,False
498,1.56397,1.5579059100121837,77.89529550060918,False
499,1.54261,1.5547387137210604,77.73693568605302,False
500,1.54706,1.5515004630152442,77.5750231507622,False
